date,address,lot,community,advertised_price,url
2026-10-05,16314 Juarez Cir,34915,Burnt Store Village-2,323990.00,https://www.centurycommunities.com/find-your-new-home/florida/gulf-coast-metro/punta-gorda/burnt-store-village/lots/34915-16314-juarez-cir/
2026-10-05,137 Russet Rd,0123,Buffalo Creek,239990.00,https://www.centurycommunities.com/find-your-new-home/south-carolina/upstate-south-carolina-metro/union/buffalo-creek/lots/0123-137-russet-rd/
2026-10-05,123 Russet Rd,0130,Buffalo Creek,247888.00,https://www.centurycommunities.com/find-your-new-home/south-carolina/upstate-south-carolina-metro/union/buffalo-creek/lots/0130-123-russet-rd/
2026-10-05,1695 E Winter Haven Cove,2004,Cimarron Lakes,324990.00,https://www.centurycommunities.com/find-your-new-home/arizona/mohave-valley-metro/mohave-valley/cimarron-lakes/lots/2004-1695-winter-haven-cove/
2026-10-05,4585 Sunrise Ridge,0042,The Ridge at Twin Rivers,334888.00,https://www.centurycommunities.com/find-your-new-home/georgia/atlanta-metro/covington/the-ridge-at-twin-rivers/lots/0042-4585-sunrise-ridge/
2026-10-05,805 Fraser Lane,0028,The Reserve at Green Needles,258990.00,https://www.centurycommunities.com/find-your-new-home/north-carolina/winston-salem-metro/lexington/green-needles/lca---green-needles/lots/0028-805-fraser-lane/
2026-10-05,653 S Dyani Dr,0154,Ishani Ridge,329990.00,https://www.centurycommunities.com/find-your-new-home/nevada/pahrump-metro/pahrump/lca---ishani-ridge/lots/0154-653-s-dyani-dr/
2026-10-05,17478 S Paseo Pueblo Lindo,0679,The Vista,289990.00,https://www.centurycommunities.com/find-your-new-home/arizona/tucson-metro/sahuarita/entrada-del-toro-at-rancho-sahuarita/entrada-del-toro-west/lots/0679-17478-s-paseo-pueblo-lindo/
2026-10-05,950 Waterworks Road,0001,Creekbend,265990.00,https://www.centurycommunities.com/find-your-new-home/north-carolina/winston-salem-metro/winston-salem2/creekbend/lots/0001-950-waterworks-road/
2026-10-05,5739 Hemlock Dr. SW,0266,The Reserve at Rivertown,415990.00,https://www.centurycommunities.com/find-your-new-home/michigan/grand-rapids-metro/wyoming/the-reserve-at-rivertown/lots/0266---893f9fc7/
2026-10-05,901 Kenilworth Rd,0208,Park Place South,249990.00,https://www.centurycommunities.com/find-your-new-home/indiana/northwest-indiana/kingsford-heights/park-place-ii-south/lots/0208-901-kenilworth/
2026-10-05,132 Enclave Dr,0157,Liberty Pointe,309888.00,https://www.centurycommunities.com/find-your-new-home/georgia/atlanta-metro/villa-rica/liberty-pointe/lots/0157-132-enclave-dr/
2026-10-05,2672 Kingman Dr,0150,North Fork at Laughlin Ranch,340990.00,https://www.centurycommunities.com/find-your-new-home/arizona/mohave-valley-metro/bullhead-city/lca---north-fork/lots/0150-2672-kingman-dr/
2026-10-05,5128 ELYSE WAY,0015,Grand Oaks of Callaway,312990.00,https://www.centurycommunities.com/find-your-new-home/florida/panhandle-metro/callaway/grand-oaks/lots/0015---39ac8441/
2026-10-05,623 Brendle Way,0012,Villages of Locust Hill,299990.00,https://www.centurycommunities.com/find-your-new-home/indiana/louisville-metro-in/jeffersonville/villages-of-locust-hill/lots/0012-623-brendle-way/
2026-10-05,37776 W Patterson St,0060,Rancho Mirage Estates,334990.00,https://www.centurycommunities.com/find-your-new-home/arizona/phoenix-metro/maricopa/rancho-mirage-estates/lots/0060-37776-w-patterson-st/
2026-10-06,4204 Challenger Blvd,0009,Sunny Hills,210990.00,https://www.centurycommunities.com/find-your-new-home/florida/panhandle-metro/chipley/sunny-hills/lots/0009-tbd-challenger-blvd/
2026-10-06,1951 East Park Drive,0176,Summerville,235990.00,https://www.centurycommunities.com/find-your-new-home/south-carolina/florence-metro/darlington/summerville/lots/0176---79af91f9/
2026-10-06,1082 Birch St,0712,Daytona North,245990.00,https://www.centurycommunities.com/find-your-new-home/florida/palm-coast-metro/bunnell/daytona-north/lots/0712-1082-birch-st/
2026-10-06,14278 NW 162ND PL,0082,Baywood Hills,306990.00,https://www.centurycommunities.com/find-your-new-home/florida/gainesville-metro/alachua/baywood-hills/lots/0082-14278-nw-162nd-pl/
2026-10-07,3913 Andalusia Blvd,568507,Cape Coral Classic,305888.00,https://www.centurycommunities.com/find-your-new-home/florida/gulf-coast-metro/cape-coral/cape-coral-classic/lots/568507-3913-andalusia-blvd/
2026-10-07,17833 Daniel Island Dr.,0081,Laurenwood,254888.00,https://www.centurycommunities.com/find-your-new-home/alabama/huntsville-metro/athens/laurenwood/lots/0081-17833-daniel-island-dr-e23660b7/
2026-10-07,1018 Norfolk Rd,0223,Park Place South,274990.00,https://www.centurycommunities.com/find-your-new-home/indiana/northwest-indiana/kingsford-heights/park-place-ii-south/lots/0223-1018-norfolk-rd/
2026-10-08,8235 97th Ct,5515,Vero Lake Estates,376990.00,https://www.centurycommunities.com/find-your-new-home/florida/treasure-coast-metro/vero-beach/vero-lake-estates/lots/5515-8235-97th-ct/
2026-10-08,141 Sweet Pea Ct,8542,Poinciana Village,315888.00,https://www.centurycommunities.com/find-your-new-home/florida/central-florida/poinciana/poinciana-village/lots/8542-141-sweet-pea-ct/
2026-10-08,720 Olivia St SW,258406,Palm Bay Classic,268888.00,https://www.centurycommunities.com/find-your-new-home/florida/central-florida/palm-bay/palm-bay-classic/lots/258406-720-olivia-st-sw/
2026-10-08,111 Bunter Trail,0105,Shockley Bend,268990.00,https://www.centurycommunities.com/find-your-new-home/south-carolina/upstate-south-carolina-metro/anderson/shockley-bend/lots/0105---e04dc82d/
2026-10-08,113 Bunter Trail,0106,Shockley Bend,275990.00,https://www.centurycommunities.com/find-your-new-home/south-carolina/upstate-south-carolina-metro/anderson/shockley-bend/lots/0106---d398ba55/
2026-10-08,741 Bianca Ave S,6604,Lehigh Acres Classic,289990.00,https://www.centurycommunities.com/find-your-new-home/florida/gulf-coast-metro/lehigh-acres/lehigh-acres-classic/lots/6604-741-bianca-ave-s/
2026-10-08,2081 SW 178th Street Rd,57010,Marion Oaks,305990.00,https://www.centurycommunities.com/find-your-new-home/florida/gainesville-metro/ocala/marion-oaks/lots/57010-sw-178th-street-rd/
2026-10-08,3718 Country Club Blvd,38225,Sunny Hills,237888.00,https://www.centurycommunities.com/find-your-new-home/florida/panhandle-metro/chipley/sunny-hills/lots/38225-country-club-blvd/
2026-10-08,4050 Zinna Dr,4606,Sunny Hills,256990.00,https://www.centurycommunities.com/find-your-new-home/florida/panhandle-metro/chipley/sunny-hills/lots/4606-gopher-tortoise--indigo-snake/
2026-10-08,4137 Aquarius Dr,8113,Sunny Hills,259990.00,https://www.centurycommunities.com/find-your-new-home/florida/panhandle-metro/chipley/sunny-hills/lots/8113-gulliver-dr/
2026-10-08,4129 Aquarius Dr,8117,Sunny Hills,255990.00,https://www.centurycommunities.com/find-your-new-home/florida/panhandle-metro/chipley/sunny-hills/lots/8117-gulliver-dr/
2026-10-08,2060 Golden Beak Dr,0121,Eagle Hammock,258888.00,https://www.centurycommunities.com/find-your-new-home/florida/central-florida/eagle-lake/eagle-hammock/lots/0121-2060-golden-beak-dr/
2026-10-08,12058 Pembroke Ave,4034,Royal Highlands Estates,393990.00,https://www.centurycommunities.com/find-your-new-home/florida/west-florida-metro/brooksville/royal-highlands/lots/4034-10259-pembroke-ave/
2026-10-08,746 W Calle Caleta,0204,Las Ventanas,325990.00,https://www.centurycommunities.com/find-your-new-home/arizona/tucson-metro/sahuarita/entrada-del-toro-at-rancho-sahuarita/entrada-del-toro/lots/0204-746-w-calle-caleta/
2026-10-08,750 W Calle Caleta,0205,Las Ventanas,314990.00,https://www.centurycommunities.com/find-your-new-home/arizona/tucson-metro/sahuarita/entrada-del-toro-at-rancho-sahuarita/entrada-del-toro/lots/0205-750-w-calle-caleta/
2026-10-08,800 Pine Cone Lane,0045,The Towns at Green Needles,235990.00,https://www.centurycommunities.com/find-your-new-home/north-carolina/winston-salem-metro/lexington/green-needles/lca---green-needles-townhomes/lots/0045-800-pine-cone-lane/
2026-10-08,802 Pine Cone Lane,0046,The Towns at Green Needles,235990.00,https://www.centurycommunities.com/find-your-new-home/north-carolina/winston-salem-metro/lexington/green-needles/lca---green-needles-townhomes/lots/0046-802-pine-cone-lane/
2026-10-08,804 Pine Cone Lane,0047,The Towns at Green Needles,235990.00,https://www.centurycommunities.com/find-your-new-home/north-carolina/winston-salem-metro/lexington/green-needles/lca---green-needles-townhomes/lots/0047-804-pine-cone-lane/
2026-10-08,806 Pine Cone Lane,0048,The Towns at Green Needles,235990.00,https://www.centurycommunities.com/find-your-new-home/north-carolina/winston-salem-metro/lexington/green-needles/lca---green-needles-townhomes/lots/0048-806-pine-cone-lane/
2026-10-08,808 Pine Cone Lane,0049,The Towns at Green Needles,235990.00,https://www.centurycommunities.com/find-your-new-home/north-carolina/winston-salem-metro/lexington/green-needles/lca---green-needles-townhomes/lots/0049-808-pine-cone-lane/
2026-10-08,810 Pine Cone Lane,0050,The Towns at Green Needles,235990.00,https://www.centurycommunities.com/find-your-new-home/north-carolina/winston-salem-metro/lexington/green-needles/lca---green-needles-townhomes/lots/0050-810-pine-cone-lane/
2026-10-08,823 Pine Cone Lane,0095,The Towns at Green Needles,235990.00,https://www.centurycommunities.com/find-your-new-home/north-carolina/winston-salem-metro/lexington/green-needles/lca---green-needles-townhomes/lots/0095---7b9bfcf2/
2026-10-08,821 Pine Cone Lane,0096,The Towns at Green Needles,226990.00,https://www.centurycommunities.com/find-your-new-home/north-carolina/winston-salem-metro/lexington/green-needles/lca---green-needles-townhomes/lots/0096---386347af/
2026-10-08,819 Pine Cone Lane,0097,The Towns at Green Needles,235990.00,https://www.centurycommunities.com/find-your-new-home/north-carolina/winston-salem-metro/lexington/green-needles/lca---green-needles-townhomes/lots/0097---da77864a/
2026-10-08,817 Pine Cone Lane,0098,The Towns at Green Needles,235990.00,https://www.centurycommunities.com/find-your-new-home/north-carolina/winston-salem-metro/lexington/green-needles/lca---green-needles-townhomes/lots/0098---fc64fecb/
2026-10-08,815 Pine Cone Lane,0099,The Towns at Green Needles,244990.00,https://www.centurycommunities.com/find-your-new-home/north-carolina/winston-salem-metro/lexington/green-needles/lca---green-needles-townhomes/lots/0099---e8d8c403/
2026-10-08,76 Landing Blvd,0032,The Landing at Crooked River,333990.00,https://www.centurycommunities.com/find-your-new-home/georgia/kingsland-metro/kingsland/the-landing-at-crooked-river/lots/0032---9fc5b3df/
2026-10-08,226 Landing Blvd,0083,The Landing at Crooked River,302490.00,https://www.centurycommunities.com/find-your-new-home/georgia/kingsland-metro/kingsland/the-landing-at-crooked-river/lots/0083---a75c15e4/
2026-10-08,202 Kinsale Dr,2061,Kinsale,209990.00,https://www.centurycommunities.com/find-your-new-home/georgia/macon-metro/macon/kinsale/lots/2061-202-kinsale-dr/
2026-10-08,1384 N GATEWAY MANOR DR,0107,Coolidge Gateway Manor,279990.00,https://www.centurycommunities.com/find-your-new-home/arizona/phoenix-metro/coolidge/coolidge-gateway-manor/lots/0107-1384-n-gateway-manor-pl/
2026-10-08,2955 E 28th Ave Unit 107,0007,Goldfield Estates,325990.00,https://www.centurycommunities.com/find-your-new-home/arizona/phoenix-metro/apache-junction/goldfield-estates/lots/0007-2955-e-28th-ave-unit-107/
2026-10-08,2955 E 28th Ave Unit 108,0008,Goldfield Estates,325990.00,https://www.centurycommunities.com/find-your-new-home/arizona/phoenix-metro/apache-junction/goldfield-estates/lots/0008-2955-e-28th-ave-unit-108/
2026-10-08,2955 E 28th Ave Unit 109,0009,Goldfield Estates,325990.00,https://www.centurycommunities.com/find-your-new-home/arizona/phoenix-metro/apache-junction/goldfield-estates/lots/0009-2955-e-28th-ave-unit-109/
2026-10-08,2955 E 28th Ave Unit 110,0010,Goldfield Estates,325990.00,https://www.centurycommunities.com/find-your-new-home/arizona/phoenix-metro/apache-junction/goldfield-estates/lots/0010-2955-e-28th-ave-unit-110/
2026-10-08,664 S Viento Dr,0125,Ishani Ridge,333490.00,https://www.centurycommunities.com/find-your-new-home/nevada/pahrump-metro/pahrump/lca---ishani-ridge/lots/0125-664-s-viento-dr/
2026-10-08,678 S Viento Dr,0126,Ishani Ridge,310990.00,https://www.centurycommunities.com/find-your-new-home/nevada/pahrump-metro/pahrump/lca---ishani-ridge/lots/0126-678-s-viento-dr/
2026-10-08,692 S Viento Dr,0127,Ishani Ridge,335990.00,https://www.centurycommunities.com/find-your-new-home/nevada/pahrump-metro/pahrump/lca---ishani-ridge/lots/0127-692-s-viento-dr/
2026-10-08,706 S Viento Dr,0128,Ishani Ridge,293490.00,https://www.centurycommunities.com/find-your-new-home/nevada/pahrump-metro/pahrump/lca---ishani-ridge/lots/0128-706-s-viento-dr/
2026-10-08,720 S. Viento Dr,0129,Ishani Ridge,314990.00,https://www.centurycommunities.com/find-your-new-home/nevada/pahrump-metro/pahrump/lca---ishani-ridge/lots/0129-721-s-viento-dr/
2026-10-08,17522 S Paseo Rondalla,0717,The Vista,298990.00,https://www.centurycommunities.com/find-your-new-home/arizona/tucson-metro/sahuarita/entrada-del-toro-at-rancho-sahuarita/entrada-del-toro-west/lots/0717-17522-s-paseo-rondalla/
2026-10-08,17528 S Paseo Rondalla,0718,The Vista,299990.00,https://www.centurycommunities.com/find-your-new-home/arizona/tucson-metro/sahuarita/entrada-del-toro-at-rancho-sahuarita/entrada-del-toro-west/lots/0718-17528-s-paseo-rondalla/
2026-10-08,17521 S Paseo Pueblo Lindo,0722,The Vista,303990.00,https://www.centurycommunities.com/find-your-new-home/arizona/tucson-metro/sahuarita/entrada-del-toro-at-rancho-sahuarita/entrada-del-toro-west/lots/0722-17521-s-paseo-pueblo-lindo/
2026-10-08,2488 Martin Pl,0052,Montano Ridge,299990.00,https://www.centurycommunities.com/find-your-new-home/arizona/mohave-valley-metro/bullhead-city/montano-ridge/lots/0052-2506-martin-place/
2026-10-08,2480 Martin Pl,0054,Montano Ridge,299990.00,https://www.centurycommunities.com/find-your-new-home/arizona/mohave-valley-metro/bullhead-city/montano-ridge/lots/0054-2498-martin-place/
2026-10-08,2476 Martin Pl,0055,Montano Ridge,304990.00,https://www.centurycommunities.com/find-your-new-home/arizona/mohave-valley-metro/bullhead-city/montano-ridge/lots/0055-2494-martin-place/
2026-10-08,704 Oak Hammock Ct,0032,Grand Oaks SSL,268990.00,https://www.centurycommunities.com/find-your-new-home/florida/central-florida/avon-park/grand-oaks/lots/0032-704-oak-hammock-ct/
2026-10-08,5769 Hemlock Dr. SW,0269,The Reserve at Rivertown,394990.00,https://www.centurycommunities.com/find-your-new-home/michigan/grand-rapids-metro/wyoming/the-reserve-at-rivertown/lots/0269---35477c6b/
2026-10-08,2122 Hidden Hills Dr,0202,Mesquite Hills,438990.00,https://www.centurycommunities.com/find-your-new-home/arizona/phoenix-metro/cottonwood/lca---mesquite-hills/lots/0202---e42c36f4/
2026-10-08,2120 Hidden Hills Dr,0203,Mesquite Hills,372990.00,https://www.centurycommunities.com/find-your-new-home/arizona/phoenix-metro/cottonwood/lca---mesquite-hills/lots/0203---1f8e7176/
2026-10-08,109 Rainbow Ln,0002,Woodlake Landing,280990.00,https://www.centurycommunities.com/find-your-new-home/georgia/atlanta-metro/hartwell/woodlake-landing/lots/0002-109-rainbow-ln/
2026-10-08,352 Bowers Estates Rd,0019,Woodlake Landing,293990.00,https://www.centurycommunities.com/find-your-new-home/georgia/atlanta-metro/hartwell/woodlake-landing/lots/0019-352-bowers-estates-rd/
2026-10-08,325 Bowers Estates Rd,0023,Woodlake Landing,288990.00,https://www.centurycommunities.com/find-your-new-home/georgia/atlanta-metro/hartwell/woodlake-landing/lots/0023-325-bowers-estates-rd/
2026-10-08,14315 NW 162ND PL,0072,Baywood Hills,305990.00,https://www.centurycommunities.com/find-your-new-home/florida/gainesville-metro/alachua/baywood-hills/lots/0072-14315-nw-162nd-pl/
2026-10-08,16254 NW 143RD WAY,0096,Baywood Hills,325990.00,https://www.centurycommunities.com/find-your-new-home/florida/gainesville-metro/alachua/baywood-hills/lots/0096-16254-nw-143rd-way/
2026-10-08,14371 NW 163RD PL,0100,Baywood Hills,310990.00,https://www.centurycommunities.com/find-your-new-home/florida/gainesville-metro/alachua/baywood-hills/lots/0100-14371-nw-163rd-pl/
2026-10-08,14378 NW 162ND PL,0101,Baywood Hills,333990.00,https://www.centurycommunities.com/find-your-new-home/florida/gainesville-metro/alachua/baywood-hills/lots/0101-14378-nw-162nd-pl/
2026-10-08,510 SUNDOWN DR,0029,Riverdale Hills,281990.00,https://www.centurycommunities.com/find-your-new-home/south-carolina/upstate-south-carolina-metro/spartanburg/riverdale-hills/lots/0029-510-sundown-dr/
2026-10-08,506 SUNDOWN DR,0030,Riverdale Hills,264990.00,https://www.centurycommunities.com/find-your-new-home/south-carolina/upstate-south-carolina-metro/spartanburg/riverdale-hills/lots/0030-506-sundown-dr/
2026-10-08,209 Corn Court,0093,Linwood Acres,323990.00,https://www.centurycommunities.com/find-your-new-home/north-carolina/winston-salem-metro/linwood/linwood-acres/lots/0093-209-corn-court/
2026-10-09,2076 Golden Beak Dr,0125,Eagle Hammock,259888.00,https://www.centurycommunities.com/find-your-new-home/florida/central-florida/eagle-lake/eagle-hammock/lots/0125-2076-golden-beak-dr/
2026-10-09,212 Kinsale Dr,2056,Kinsale,199888.00,https://www.centurycommunities.com/find-your-new-home/georgia/macon-metro/macon/kinsale/lots/2056-212-kinsale-dr/
