date,address,lot,community,last_advertised_price,url
2026-10-05,441 Mossy Walk Way,0090,Moss Creek,209888.00,https://www.centurycommunities.com/find-your-new-home/south-carolina/upstate-south-carolina-metro/spartanburg/moss-creek-/lots/0090-441-mossy-walk-way/
2026-10-05,3213 Warwick Place,33B4,The Reserve at Bradbury Creek,284888.00,https://www.centurycommunities.com/find-your-new-home/florida/central-florida/haines-city/bradbury-creek/lots/33b4-3213-warwick-place/
2026-10-05,2354 Northumberland Court,2905,The Collection at Bradbury Creek,323888.00,https://www.centurycommunities.com/find-your-new-home/florida/central-florida/haines-city/bradbury-creek/lots/2905-northumberland-court/
2026-10-05,1018 Norfolk Rd,0223,Park Place South,274990.00,https://www.centurycommunities.com/find-your-new-home/indiana/northwest-indiana/kingsford-heights/park-place-ii-south/lots/0223-1018-norfolk-rd/
2026-10-05,2668 Kingman Dr,0149,North Fork at Laughlin Ranch,359990.00,https://www.centurycommunities.com/find-your-new-home/arizona/mohave-valley-metro/bullhead-city/lca---north-fork/lots/0149-2668-kingman-dr/
2026-10-05,221 W Pleasant Park Dr,0045,Sundance,256990.00,https://www.centurycommunities.com/find-your-new-home/arizona/phoenix-metro/coolidge/sundance-coolidge/lots/0045-221-w-pleasant-park-dr/
2026-10-06,1890 Poppy Drive,1403,The Enclave at Scenic Terrace,312990.00,https://www.centurycommunities.com/find-your-new-home/florida/central-florida/haines-city/scenic-terrace/lots/1403-1890-poppy-drive/
2026-10-06,4329 Foothills Court,0006,The Ridge at Twin Rivers,299888.00,https://www.centurycommunities.com/find-your-new-home/georgia/atlanta-metro/covington/the-ridge-at-twin-rivers/lots/0006-4329-foothills-court/
2026-10-06,4694 Sunrise Ridge,0033,The Ridge at Twin Rivers,329888.00,https://www.centurycommunities.com/find-your-new-home/georgia/atlanta-metro/covington/the-ridge-at-twin-rivers/lots/0033-4694-sunrise-ridge/
2026-10-06,738 W Calle Caleta,0202,Las Ventanas,314990.00,https://www.centurycommunities.com/find-your-new-home/arizona/tucson-metro/sahuarita/entrada-del-toro-at-rancho-sahuarita/entrada-del-toro/lots/0202-738-w-calle-caleta/
2026-10-06,797 N Croft Ave,0158,The Collection at Inverness,244888.00,https://www.centurycommunities.com/find-your-new-home/florida/west-florida-metro/inverness/inverness/lots/0158-797-n-croft-ave/
2026-10-06,777 N Croft Ave,0163,The Collection at Inverness,259888.00,https://www.centurycommunities.com/find-your-new-home/florida/west-florida-metro/inverness/inverness/lots/0163-crof-ave/
2026-10-06,446 N Fitzpatrick Ave,3317,The Collection at Inverness,261990.00,https://www.centurycommunities.com/find-your-new-home/florida/west-florida-metro/inverness/inverness/lots/3317-446-n-fitzpatrick-ave/
2026-10-06,9 Barron Ct,0025,Urban's Place,224888.00,https://www.centurycommunities.com/find-your-new-home/georgia/dalton-metro/chatsworth/urban-s-place/lots/0025---8c1f486c/
2026-10-06,5769 Hemlock Dr. SW,0269,The Reserve at Rivertown,394990.00,https://www.centurycommunities.com/find-your-new-home/michigan/grand-rapids-metro/wyoming/the-reserve-at-rivertown/lots/0269---35477c6b/
2026-10-06,103 Kitty Hawk Loop,0046,Townes at Crosswinds,239990.00,https://www.centurycommunities.com/find-your-new-home/alabama/panhandle/enterprise/townes-at-crosswinds/lots/0046-103-kitty-hawk-loop/
